writing_id,cefr_level,move_sequence
4622,C1,"['Social_Opening', 'Information_Reporting', 'Opinion_Evaluation', 'Other', 'Information_Reporting', 'Opinion_Evaluation', 'Social_Closing']"
4626,C1,"['Narrative_Experience', 'Narrative_Experience', 'Narrative_Experience', 'Other', 'Narrative_Experience', 'Narrative_Experience']"
5644,B1,"['Daily_Routine', 'Daily_Routine', 'Daily_Routine', 'Daily_Routine']"
7412,C2,"['Narrative_Experience', 'Narrative_Experience']"
9537,C1,"['Social_Closing', 'Social_Closing', 'Social_Closing']"
10069,C2,"['Other', 'Social_Closing']"
11937,C1,"['Other', 'Information_Reporting', 'Narrative_Experience', 'Narrative_Experience']"
12250,B1,"['Daily_Routine', 'Daily_Routine', 'Daily_Routine', 'Daily_Routine', 'Daily_Routine', 'Daily_Routine', 'Daily_Routine', 'Daily_Routine', 'Daily_Routine', 'Daily_Routine', 'Other']"
12780,C1,"['Social_Opening', 'Daily_Routine', 'Daily_Routine', 'Daily_Routine', 'Daily_Routine', 'Daily_Routine', 'Social_Closing']"
16409,B1,"['Self_Introduction', 'Self_Introduction']"
16445,B1,"['Social_Closing', 'Opinion_Evaluation', 'Physical_Description', 'Opinion_Evaluation', 'Social_Closing']"
19341,C1,"['Information_Reporting', 'Social_Closing', 'Daily_Routine', 'Daily_Routine', 'Other', 'Daily_Routine', 'Daily_Routine', 'Other', 'Daily_Routine', 'Other', 'Daily_Routine', 'Other', 'Social_Closing', 'Social_Closing']"
22494,B1,"['Self_Introduction', 'Self_Introduction', 'Self_Introduction', 'Information_Reporting', 'Opinion_Evaluation', 'Other', 'Opinion_Evaluation', 'Other', 'Information_Reporting']"
22847,B1,['Information_Reporting']
23680,C1,"['Social_Opening', 'Information_Reporting', 'Opinion_Evaluation', 'Opinion_Evaluation', 'Information_Reporting', 'Other', 'Other', 'Information_Reporting', 'Social_Closing', 'Social_Closing', 'Social_Closing']"
26314,A2,"['Information_Reporting', 'Physical_Description', 'Daily_Routine', 'Daily_Routine']"
29262,C1,"['Information_Reporting', 'Opinion_Evaluation', 'Information_Reporting', 'Other', 'Physical_Description']"
30528,A2,"['Self_Introduction', 'Information_Reporting', 'Information_Reporting', 'Daily_Routine', 'Daily_Routine', 'Daily_Routine', 'Daily_Routine', 'Daily_Routine', 'Other', 'Daily_Routine', 'Daily_Routine']"
30665,C2,"['Social_Opening', 'Social_Closing', 'Social_Closing', 'Social_Closing', 'Physical_Description', 'Social_Closing', 'Daily_Routine', 'Social_Closing', 'Social_Closing']"
32816,C1,"['Other', 'Other', 'Other', 'Other', 'Other']"
35346,C1,"['Information_Reporting', 'Other', 'Social_Closing', 'Social_Closing']"
36291,C1,"['Information_Reporting', 'Social_Closing']"
41277,B2,"['Daily_Routine', 'Daily_Routine']"
42917,C1,"['Narrative_Experience', 'Information_Reporting', 'Daily_Routine', 'Information_Reporting']"
44234,C1,"['Other', 'Narrative_Experience', 'Narrative_Experience', 'Narrative_Experience']"
44454,C2,"['Social_Opening', 'Opinion_Evaluation', 'Other', 'Opinion_Evaluation', 'Information_Reporting', 'Narrative_Experience', 'Information_Reporting', 'Social_Closing', 'Social_Closing']"
44747,C2,"['Social_Opening', 'Social_Closing', 'Daily_Routine', 'Social_Closing', 'Opinion_Evaluation', 'Other', 'Opinion_Evaluation', 'Other', 'Social_Closing']"
48036,C1,"['Information_Reporting', 'Opinion_Evaluation', 'Other', 'Information_Reporting', 'Physical_Description', 'Other']"
53120,C2,"['Physical_Description', 'Physical_Description', 'Physical_Description', 'Physical_Description', 'Physical_Description', 'Physical_Description', 'Physical_Description', 'Physical_Description', 'Physical_Description', 'Social_Closing']"
55097,A2,"['Self_Introduction', 'Self_Introduction', 'Opinion_Evaluation']"
58621,C2,"['Self_Introduction', 'Self_Introduction', 'Narrative_Experience', 'Physical_Description', 'Physical_Description', 'Physical_Description', 'Physical_Description', 'Physical_Description', 'Self_Introduction', 'Opinion_Evaluation']"
62171,C2,"['Physical_Description', 'Physical_Description', 'Physical_Description', 'Physical_Description', 'Physical_Description', 'Physical_Description', 'Physical_Description', 'Physical_Description']"
62889,C2,"['Social_Closing', 'Social_Closing', 'Opinion_Evaluation', 'Opinion_Evaluation', 'Opinion_Evaluation', 'Opinion_Evaluation', 'Social_Closing']"
70043,B2,"['Physical_Description', 'Social_Closing', 'Daily_Routine', 'Daily_Routine', 'Daily_Routine', 'Daily_Routine', 'Other', 'Daily_Routine', 'Physical_Description']"
71949,C1,['Daily_Routine']
76496,C1,"['Information_Reporting', 'Opinion_Evaluation', 'Opinion_Evaluation', 'Social_Closing']"
76677,B1,"['Information_Reporting', 'Opinion_Evaluation', 'Information_Reporting', 'Information_Reporting']"
79942,B1,"['Social_Opening', 'Physical_Description', 'Opinion_Evaluation', 'Physical_Description']"
80521,A1,"['Social_Closing', 'Opinion_Evaluation', 'Opinion_Evaluation', 'Social_Closing', 'Social_Closing']"
82244,B2,"['Self_Introduction', 'Self_Introduction', 'Self_Introduction', 'Other', 'Narrative_Experience', 'Narrative_Experience', 'Narrative_Experience', 'Information_Reporting', 'Information_Reporting']"
84251,C1,"['Other', 'Other']"
88478,A2,['Narrative_Experience']
88932,C1,"['Social_Closing', 'Other', 'Opinion_Evaluation', 'Opinion_Evaluation', 'Other', 'Other', 'Other', 'Other']"
92066,C1,"['Information_Reporting', 'Opinion_Evaluation', 'Daily_Routine', 'Other', 'Other', 'Physical_Description', 'Information_Reporting', 'Opinion_Evaluation', 'Opinion_Evaluation', 'Opinion_Evaluation', 'Opinion_Evaluation', 'Social_Closing', 'Social_Closing', 'Social_Closing']"
94888,C1,"['Other', 'Opinion_Evaluation', 'Other']"
94894,C2,"['Social_Closing', 'Information_Reporting', 'Information_Reporting', 'Narrative_Experience', 'Social_Closing']"
95324,B2,"['Information_Reporting', 'Information_Reporting', 'Opinion_Evaluation', 'Information_Reporting', 'Opinion_Evaluation', 'Social_Closing', 'Social_Closing', 'Social_Closing']"
98961,C2,"['Information_Reporting', 'Opinion_Evaluation', 'Opinion_Evaluation', 'Opinion_Evaluation', 'Opinion_Evaluation', 'Opinion_Evaluation']"
100042,B1,"['Daily_Routine', 'Daily_Routine']"
100441,C1,['Other']
101275,B2,['Information_Reporting']
102511,B1,"['Information_Reporting', 'Information_Reporting', 'Information_Reporting', 'Information_Reporting', 'Information_Reporting', 'Information_Reporting']"
103934,C1,"['Social_Opening', 'Social_Closing', 'Social_Closing', 'Narrative_Experience', 'Social_Closing', 'Information_Reporting', 'Social_Closing', 'Other', 'Other', 'Social_Closing']"
106298,C2,"['Social_Opening', 'Other', 'Other', 'Social_Closing', 'Physical_Description', 'Information_Reporting', 'Social_Closing', 'Information_Reporting', 'Social_Closing']"
106565,B2,['Daily_Routine']
107141,A2,['Self_Introduction']
111518,A2,"['Information_Reporting', 'Information_Reporting', 'Other']"
113475,B1,"['Daily_Routine', 'Daily_Routine', 'Daily_Routine', 'Daily_Routine', 'Daily_Routine', 'Other', 'Daily_Routine', 'Other']"
113657,A2,"['Self_Introduction', 'Opinion_Evaluation', 'Opinion_Evaluation', 'Opinion_Evaluation', 'Opinion_Evaluation', 'Opinion_Evaluation']"
113866,A1,"['Physical_Description', 'Physical_Description', 'Opinion_Evaluation']"
115776,C1,"['Information_Reporting', 'Other', 'Opinion_Evaluation', 'Other', 'Information_Reporting', 'Other', 'Social_Closing']"
116435,B1,['Information_Reporting']
118669,B1,"['Social_Opening', 'Information_Reporting', 'Information_Reporting', 'Information_Reporting']"
119725,A1,"['Social_Opening', 'Self_Introduction', 'Self_Introduction', 'Self_Introduction', 'Opinion_Evaluation', 'Other', 'Other', 'Social_Closing', 'Social_Closing']"
121288,C2,"['Social_Opening', 'Physical_Description']"
122970,C1,"['Social_Closing', 'Other', 'Other', 'Other', 'Narrative_Experience', 'Other', 'Daily_Routine']"
123390,C2,"['Information_Reporting', 'Other']"
127044,A2,"['Daily_Routine', 'Daily_Routine', 'Daily_Routine', 'Other', 'Daily_Routine']"
127218,B1,"['Other', 'Daily_Routine']"
128269,B1,"['Information_Reporting', 'Information_Reporting', 'Information_Reporting', 'Information_Reporting', 'Other']"
128788,B1,"['Information_Reporting', 'Opinion_Evaluation', 'Information_Reporting', 'Information_Reporting', 'Opinion_Evaluation', 'Other', 'Information_Reporting']"
129819,A2,"['Social_Opening', 'Self_Introduction', 'Opinion_Evaluation', 'Opinion_Evaluation', 'Self_Introduction', 'Narrative_Experience']"
131480,A1,"['Self_Introduction', 'Self_Introduction', 'Self_Introduction', 'Information_Reporting']"
132225,C2,"['Information_Reporting', 'Physical_Description', 'Social_Closing']"
135493,C1,['Other']
136667,C1,"['Information_Reporting', 'Physical_Description', 'Information_Reporting', 'Other', 'Social_Closing']"
138461,B1,['Self_Introduction']
139028,A2,"['Social_Opening', 'Information_Reporting', 'Opinion_Evaluation', 'Social_Closing', 'Social_Closing']"
142400,C2,"['Physical_Description', 'Physical_Description', 'Physical_Description', 'Social_Closing']"
143044,B1,"['Social_Opening', 'Self_Introduction', 'Self_Introduction', 'Self_Introduction', 'Self_Introduction', 'Self_Introduction', 'Self_Introduction', 'Information_Reporting', 'Self_Introduction', 'Opinion_Evaluation', 'Social_Closing', 'Social_Closing']"
143849,B2,"['Information_Reporting', 'Other', 'Other', 'Information_Reporting', 'Information_Reporting', 'Physical_Description', 'Other']"
144660,A1,['Physical_Description']
145055,C2,"['Information_Reporting', 'Other', 'Information_Reporting']"
146244,B2,"['Information_Reporting', 'Other', 'Information_Reporting']"
148011,B1,"['Self_Introduction', 'Self_Introduction', 'Self_Introduction', 'Self_Introduction', 'Opinion_Evaluation', 'Social_Closing', 'Social_Closing']"
149306,B2,"['Information_Reporting', 'Information_Reporting', 'Other', 'Opinion_Evaluation', 'Opinion_Evaluation', 'Opinion_Evaluation', 'Information_Reporting']"
149352,A1,"['Self_Introduction', 'Self_Introduction', 'Other', 'Social_Closing']"
151243,B2,"['Other', 'Information_Reporting', 'Information_Reporting', 'Physical_Description']"
152165,C2,"['Self_Introduction', 'Physical_Description', 'Physical_Description', 'Social_Closing', 'Physical_Description', 'Physical_Description', 'Self_Introduction', 'Physical_Description', 'Physical_Description']"
153311,A1,"['Other', 'Other', 'Other', 'Other', 'Information_Reporting', 'Social_Closing']"
156000,A1,"['Social_Opening', 'Other', 'Self_Introduction', 'Self_Introduction', 'Social_Closing', 'Social_Closing']"
160103,A1,"['Other', 'Other']"
169719,B1,"['Self_Introduction', 'Self_Introduction', 'Self_Introduction', 'Self_Introduction', 'Self_Introduction']"
170600,A2,"['Physical_Description', 'Physical_Description', 'Physical_Description', 'Physical_Description', 'Physical_Description', 'Physical_Description', 'Physical_Description']"
174229,C1,"['Narrative_Experience', 'Daily_Routine', 'Narrative_Experience', 'Information_Reporting', 'Narrative_Experience', 'Narrative_Experience', 'Narrative_Experience', 'Narrative_Experience']"
176663,B2,"['Information_Reporting', 'Information_Reporting', 'Other', 'Information_Reporting', 'Information_Reporting', 'Social_Closing', 'Opinion_Evaluation', 'Opinion_Evaluation', 'Information_Reporting', 'Opinion_Evaluation', 'Opinion_Evaluation', 'Social_Closing', 'Social_Closing']"
178719,B1,['Self_Introduction']
180179,C2,"['Social_Opening', 'Other', 'Daily_Routine', 'Social_Closing', 'Daily_Routine', 'Opinion_Evaluation', 'Opinion_Evaluation', 'Opinion_Evaluation', 'Social_Closing']"
180428,C1,"['Social_Closing', 'Social_Opening', 'Other', 'Information_Reporting', 'Opinion_Evaluation', 'Narrative_Experience', 'Other', 'Social_Closing', 'Social_Closing']"
181493,B2,"['Daily_Routine', 'Daily_Routine', 'Daily_Routine', 'Other', 'Daily_Routine', 'Daily_Routine', 'Daily_Routine', 'Opinion_Evaluation']"
184108,C1,"['Information_Reporting', 'Opinion_Evaluation', 'Other', 'Opinion_Evaluation', 'Opinion_Evaluation', 'Social_Closing', 'Social_Closing']"
186485,A2,"['Self_Introduction', 'Self_Introduction', 'Self_Introduction', 'Self_Introduction', 'Self_Introduction', 'Opinion_Evaluation', 'Opinion_Evaluation', 'Opinion_Evaluation']"
187261,B1,['Self_Introduction']
188416,B2,"['Self_Introduction', 'Other', 'Opinion_Evaluation', 'Opinion_Evaluation', 'Narrative_Experience', 'Information_Reporting', 'Narrative_Experience', 'Information_Reporting', 'Narrative_Experience', 'Narrative_Experience', 'Self_Introduction', 'Opinion_Evaluation', 'Other']"
188527,C2,['Opinion_Evaluation']
191812,A2,"['Social_Opening', 'Information_Reporting', 'Opinion_Evaluation', 'Daily_Routine', 'Social_Closing', 'Social_Closing']"
194443,B2,"['Other', 'Other', 'Other', 'Narrative_Experience', 'Physical_Description', 'Other', 'Other', 'Physical_Description', 'Daily_Routine', 'Other', 'Physical_Description', 'Physical_Description', 'Opinion_Evaluation', 'Opinion_Evaluation']"
200406,A2,"['Self_Introduction', 'Self_Introduction', 'Other', 'Other', 'Other']"
200963,A1,['Physical_Description']
203259,A1,"['Physical_Description', 'Physical_Description', 'Physical_Description', 'Physical_Description', 'Physical_Description', 'Physical_Description', 'Physical_Description', 'Physical_Description', 'Physical_Description', 'Physical_Description', 'Physical_Description', 'Physical_Description']"
208847,B1,"['Information_Reporting', 'Opinion_Evaluation', 'Information_Reporting', 'Information_Reporting', 'Information_Reporting', 'Information_Reporting']"
213093,A2,"['Information_Reporting', 'Information_Reporting', 'Information_Reporting', 'Information_Reporting', 'Information_Reporting', 'Information_Reporting', 'Information_Reporting', 'Information_Reporting', 'Information_Reporting']"
215247,B2,"['Self_Introduction', 'Physical_Description', 'Physical_Description', 'Physical_Description', 'Physical_Description', 'Physical_Description', 'Other', 'Physical_Description', 'Physical_Description']"
215308,B2,"['Information_Reporting', 'Social_Closing', 'Information_Reporting']"
215906,A1,['Self_Introduction']
223139,C1,"['Other', 'Daily_Routine', 'Other', 'Daily_Routine', 'Daily_Routine', 'Daily_Routine', 'Other']"
223379,C2,"['Narrative_Experience', 'Narrative_Experience', 'Social_Closing', 'Narrative_Experience', 'Narrative_Experience', 'Social_Closing', 'Narrative_Experience', 'Narrative_Experience', 'Narrative_Experience']"
225110,C1,"['Other', 'Other', 'Other']"
225514,A2,"['Self_Introduction', 'Daily_Routine', 'Daily_Routine', 'Other', 'Daily_Routine', 'Daily_Routine', 'Other', 'Daily_Routine', 'Daily_Routine']"
229357,C2,"['Other', 'Information_Reporting', 'Information_Reporting', 'Information_Reporting', 'Information_Reporting', 'Other', 'Physical_Description', 'Physical_Description']"
229816,C1,"['Daily_Routine', 'Daily_Routine', 'Other', 'Other', 'Other', 'Other']"
231011,C1,"['Social_Opening', 'Daily_Routine', 'Daily_Routine', 'Information_Reporting', 'Daily_Routine', 'Daily_Routine', 'Social_Closing']"
231450,A2,"['Social_Opening', 'Self_Introduction', 'Daily_Routine', 'Daily_Routine', 'Opinion_Evaluation', 'Daily_Routine', 'Daily_Routine', 'Daily_Routine', 'Opinion_Evaluation', 'Other', 'Daily_Routine']"
233300,A2,"['Social_Closing', 'Self_Introduction', 'Self_Introduction', 'Self_Introduction', 'Self_Introduction', 'Self_Introduction', 'Information_Reporting', 'Self_Introduction', 'Opinion_Evaluation', 'Opinion_Evaluation', 'Other', 'Opinion_Evaluation', 'Daily_Routine', 'Social_Closing']"
233953,A1,"['Physical_Description', 'Physical_Description', 'Physical_Description', 'Opinion_Evaluation']"
236551,A2,"['Social_Opening', 'Self_Introduction', 'Self_Introduction', 'Opinion_Evaluation', 'Opinion_Evaluation', 'Opinion_Evaluation', 'Opinion_Evaluation', 'Opinion_Evaluation', 'Self_Introduction', 'Information_Reporting', 'Opinion_Evaluation']"
241674,A1,"['Information_Reporting', 'Opinion_Evaluation', 'Physical_Description']"
244353,B1,"['Daily_Routine', 'Daily_Routine', 'Daily_Routine', 'Daily_Routine', 'Other']"
247195,A1,"['Social_Opening', 'Self_Introduction', 'Self_Introduction', 'Self_Introduction', 'Self_Introduction', 'Self_Introduction']"
247295,B1,"['Social_Closing', 'Daily_Routine', 'Daily_Routine', 'Daily_Routine', 'Daily_Routine', 'Daily_Routine', 'Daily_Routine', 'Daily_Routine', 'Daily_Routine', 'Other', 'Daily_Routine', 'Other']"
247423,A2,['Narrative_Experience']
248017,B2,"['Physical_Description', 'Social_Opening', 'Daily_Routine', 'Daily_Routine', 'Daily_Routine', 'Daily_Routine', 'Daily_Routine', 'Daily_Routine', 'Social_Closing']"
251129,B2,"['Daily_Routine', 'Daily_Routine', 'Daily_Routine', 'Daily_Routine', 'Other']"
256747,C2,"['Other', 'Other', 'Information_Reporting', 'Information_Reporting', 'Other', 'Information_Reporting', 'Physical_Description']"
258962,C1,"['Social_Opening', 'Daily_Routine', 'Social_Closing']"
265098,A2,"['Information_Reporting', 'Information_Reporting', 'Information_Reporting', 'Social_Closing', 'Information_Reporting']"
266531,B2,"['Social_Opening', 'Information_Reporting', 'Information_Reporting', 'Information_Reporting', 'Opinion_Evaluation', 'Opinion_Evaluation', 'Other', 'Information_Reporting', 'Social_Closing', 'Social_Closing']"
267129,A1,['Physical_Description']
267488,B1,"['Information_Reporting', 'Information_Reporting']"
270461,C2,"['Self_Introduction', 'Daily_Routine', 'Social_Closing']"
270503,B2,"['Self_Introduction', 'Information_Reporting', 'Physical_Description', 'Daily_Routine', 'Self_Introduction', 'Physical_Description', 'Physical_Description', 'Self_Introduction', 'Physical_Description', 'Physical_Description', 'Opinion_Evaluation']"
272841,C1,"['Information_Reporting', 'Opinion_Evaluation', 'Other', 'Information_Reporting']"
276098,A1,"['Self_Introduction', 'Self_Introduction', 'Physical_Description', 'Physical_Description', 'Opinion_Evaluation']"
277617,C1,"['Other', 'Other', 'Information_Reporting', 'Physical_Description', 'Information_Reporting', 'Information_Reporting', 'Opinion_Evaluation', 'Daily_Routine', 'Information_Reporting', 'Social_Closing']"
278915,C1,"['Information_Reporting', 'Other', 'Information_Reporting', 'Opinion_Evaluation', 'Opinion_Evaluation', 'Social_Closing', 'Social_Closing']"
282238,A1,['Physical_Description']
284559,B2,"['Information_Reporting', 'Information_Reporting', 'Opinion_Evaluation', 'Other', 'Opinion_Evaluation', 'Other', 'Opinion_Evaluation', 'Opinion_Evaluation', 'Daily_Routine', 'Opinion_Evaluation', 'Social_Closing', 'Social_Closing']"
289571,A1,"['Self_Introduction', 'Self_Introduction', 'Other', 'Social_Closing']"
293532,C1,"['Other', 'Self_Introduction', 'Information_Reporting', 'Information_Reporting', 'Daily_Routine', 'Information_Reporting', 'Narrative_Experience', 'Daily_Routine', 'Other', 'Social_Closing', 'Social_Closing']"
299490,B1,"['Social_Opening', 'Opinion_Evaluation', 'Other', 'Physical_Description', 'Opinion_Evaluation', 'Opinion_Evaluation', 'Social_Closing', 'Social_Closing']"
300695,B1,"['Self_Introduction', 'Self_Introduction', 'Self_Introduction', 'Self_Introduction', 'Self_Introduction', 'Self_Introduction', 'Narrative_Experience', 'Information_Reporting', 'Self_Introduction', 'Self_Introduction', 'Opinion_Evaluation', 'Self_Introduction', 'Self_Introduction', 'Narrative_Experience', 'Opinion_Evaluation', 'Opinion_Evaluation', 'Other', 'Narrative_Experience', 'Social_Closing']"
307045,C2,"['Social_Closing', 'Daily_Routine', 'Other', 'Information_Reporting']"
307624,B2,"['Self_Introduction', 'Other', 'Narrative_Experience', 'Opinion_Evaluation', 'Narrative_Experience', 'Information_Reporting', 'Opinion_Evaluation']"
308236,B1,"['Self_Introduction', 'Self_Introduction', 'Self_Introduction', 'Social_Closing']"
308715,C1,"['Other', 'Opinion_Evaluation', 'Other', 'Other', 'Social_Closing', 'Social_Closing']"
310161,B1,"['Daily_Routine', 'Daily_Routine', 'Daily_Routine', 'Daily_Routine', 'Daily_Routine', 'Daily_Routine', 'Daily_Routine', 'Daily_Routine', 'Daily_Routine', 'Other']"
310310,C2,"['Physical_Description', 'Physical_Description', 'Physical_Description', 'Physical_Description', 'Physical_Description', 'Physical_Description', 'Social_Closing']"
310755,C2,"['Physical_Description', 'Physical_Description', 'Physical_Description', 'Physical_Description']"
312825,B1,"['Physical_Description', 'Physical_Description', 'Opinion_Evaluation', 'Opinion_Evaluation', 'Opinion_Evaluation', 'Social_Closing']"
316929,B2,['Other']
319299,B1,"['Information_Reporting', 'Opinion_Evaluation', 'Information_Reporting', 'Information_Reporting', 'Social_Opening', 'Information_Reporting']"
320217,A1,['Self_Introduction']
320498,A1,['Self_Introduction']
325146,B1,['Opinion_Evaluation']
331887,C2,"['Opinion_Evaluation', 'Opinion_Evaluation', 'Opinion_Evaluation', 'Opinion_Evaluation', 'Opinion_Evaluation', 'Opinion_Evaluation']"
334092,A1,"['Self_Introduction', 'Self_Introduction', 'Other', 'Social_Closing', 'Social_Closing']"
335721,B1,"['Social_Opening', 'Self_Introduction', 'Self_Introduction', 'Self_Introduction', 'Self_Introduction', 'Self_Introduction', 'Self_Introduction', 'Self_Introduction', 'Self_Introduction', 'Self_Introduction', 'Opinion_Evaluation', 'Opinion_Evaluation', 'Opinion_Evaluation', 'Social_Closing', 'Social_Closing']"
335917,A2,"['Social_Opening', 'Social_Closing', 'Other', 'Social_Closing', 'Social_Closing', 'Social_Closing']"
338519,A2,"['Self_Introduction', 'Self_Introduction', 'Self_Introduction', 'Opinion_Evaluation', 'Opinion_Evaluation', 'Opinion_Evaluation', 'Opinion_Evaluation', 'Opinion_Evaluation']"
339173,C2,"['Information_Reporting', 'Information_Reporting', 'Information_Reporting', 'Information_Reporting', 'Information_Reporting', 'Other', 'Social_Closing', 'Social_Closing']"
339446,C2,"['Social_Opening', 'Other', 'Social_Closing', 'Other', 'Other', 'Other', 'Social_Closing', 'Other', 'Social_Closing']"
339596,B1,"['Social_Opening', 'Other', 'Opinion_Evaluation', 'Opinion_Evaluation', 'Opinion_Evaluation', 'Social_Closing', 'Social_Closing']"
341463,A2,"['Self_Introduction', 'Daily_Routine', 'Daily_Routine', 'Daily_Routine', 'Other', 'Daily_Routine', 'Daily_Routine', 'Daily_Routine', 'Daily_Routine', 'Other']"
343271,A2,"['Daily_Routine', 'Information_Reporting']"
345099,B2,"['Other', 'Daily_Routine', 'Daily_Routine', 'Daily_Routine', 'Social_Closing']"
347837,B1,"['Information_Reporting', 'Information_Reporting']"
349390,B2,"['Daily_Routine', 'Daily_Routine', 'Daily_Routine', 'Daily_Routine', 'Daily_Routine', 'Daily_Routine', 'Daily_Routine']"
349478,A2,"['Self_Introduction', 'Self_Introduction', 'Self_Introduction', 'Daily_Routine', 'Daily_Routine', 'Opinion_Evaluation', 'Daily_Routine', 'Daily_Routine', 'Daily_Routine']"
350664,B2,"['Social_Closing', 'Daily_Routine', 'Daily_Routine', 'Daily_Routine', 'Daily_Routine']"
353346,A2,"['Social_Closing', 'Opinion_Evaluation', 'Daily_Routine']"
361027,B2,"['Information_Reporting', 'Other', 'Social_Closing', 'Physical_Description', 'Information_Reporting', 'Other', 'Information_Reporting', 'Social_Closing', 'Narrative_Experience', 'Daily_Routine']"
363790,A2,"['Information_Reporting', 'Social_Closing']"
364191,B1,"['Social_Opening', 'Opinion_Evaluation', 'Physical_Description', 'Opinion_Evaluation', 'Opinion_Evaluation', 'Opinion_Evaluation', 'Social_Closing']"
374010,C2,"['Other', 'Social_Closing', 'Social_Closing', 'Opinion_Evaluation', 'Opinion_Evaluation', 'Information_Reporting', 'Other', 'Other', 'Social_Closing']"
375266,A2,"['Self_Introduction', 'Self_Introduction', 'Opinion_Evaluation', 'Opinion_Evaluation', 'Self_Introduction', 'Other']"
375555,A1,"['Social_Opening', 'Self_Introduction', 'Self_Introduction', 'Self_Introduction', 'Other', 'Social_Closing']"
380975,C2,"['Other', 'Other', 'Social_Closing', 'Opinion_Evaluation', 'Opinion_Evaluation', 'Opinion_Evaluation', 'Social_Closing', 'Social_Closing', 'Social_Closing']"
381475,A2,"['Information_Reporting', 'Daily_Routine', 'Information_Reporting']"
387549,A1,"['Social_Opening', 'Self_Introduction', 'Other', 'Other', 'Social_Closing', 'Social_Closing']"
388298,A2,"['Social_Opening', 'Physical_Description', 'Social_Closing']"
391446,A2,"['Information_Reporting', 'Information_Reporting', 'Opinion_Evaluation', 'Information_Reporting']"
391573,B2,"['Information_Reporting', 'Other', 'Information_Reporting', 'Physical_Description', 'Information_Reporting']"
392148,C2,"['Physical_Description', 'Physical_Description', 'Physical_Description', 'Social_Closing']"
392891,B2,"['Social_Closing', 'Opinion_Evaluation', 'Social_Closing', 'Other', 'Social_Closing', 'Information_Reporting', 'Information_Reporting', 'Social_Closing']"
399412,C1,"['Narrative_Experience', 'Narrative_Experience', 'Narrative_Experience', 'Narrative_Experience', 'Narrative_Experience', 'Narrative_Experience', 'Narrative_Experience', 'Narrative_Experience', 'Physical_Description']"
405796,B2,"['Other', 'Physical_Description', 'Physical_Description', 'Information_Reporting', 'Social_Closing']"
409777,C2,"['Physical_Description', 'Physical_Description', 'Physical_Description', 'Physical_Description', 'Physical_Description']"
411009,B2,"['Social_Opening', 'Other', 'Physical_Description', 'Physical_Description', 'Other', 'Physical_Description', 'Other', 'Other', 'Opinion_Evaluation', 'Physical_Description', 'Physical_Description', 'Physical_Description', 'Social_Closing']"
411290,B1,"['Information_Reporting', 'Opinion_Evaluation', 'Information_Reporting', 'Information_Reporting', 'Information_Reporting']"
412604,A1,"['Social_Opening', 'Self_Introduction']"
415890,A2,"['Self_Introduction', 'Opinion_Evaluation', 'Opinion_Evaluation', 'Self_Introduction', 'Self_Introduction', 'Other']"
417091,C2,"['Information_Reporting', 'Information_Reporting', 'Other']"
418169,A2,"['Self_Introduction', 'Self_Introduction', 'Daily_Routine', 'Opinion_Evaluation', 'Opinion_Evaluation', 'Opinion_Evaluation', 'Opinion_Evaluation']"
424337,C2,"['Opinion_Evaluation', 'Narrative_Experience', 'Narrative_Experience', 'Other', 'Narrative_Experience', 'Other', 'Narrative_Experience', 'Opinion_Evaluation']"
426596,A1,"['Self_Introduction', 'Self_Introduction', 'Information_Reporting', 'Self_Introduction', 'Other', 'Social_Closing']"
430974,A1,"['Other', 'Other', 'Information_Reporting', 'Information_Reporting', 'Social_Closing']"
433926,B2,"['Social_Closing', 'Opinion_Evaluation', 'Opinion_Evaluation', 'Opinion_Evaluation', 'Opinion_Evaluation', 'Opinion_Evaluation', 'Social_Closing']"
436762,A2,['Self_Introduction']
439760,B1,"['Other', 'Self_Introduction', 'Self_Introduction', 'Self_Introduction', 'Opinion_Evaluation', 'Other', 'Social_Closing', 'Social_Closing']"
444663,B2,"['Self_Introduction', 'Other', 'Self_Introduction', 'Narrative_Experience', 'Narrative_Experience', 'Narrative_Experience', 'Narrative_Experience', 'Narrative_Experience', 'Other', 'Opinion_Evaluation']"
455457,A1,"['Social_Opening', 'Other', 'Self_Introduction', 'Self_Introduction', 'Self_Introduction', 'Self_Introduction', 'Social_Closing']"
457945,B1,"['Daily_Routine', 'Daily_Routine']"
459303,A2,"['Narrative_Experience', 'Information_Reporting', 'Information_Reporting']"
462290,B2,['Other']
462548,B2,"['Information_Reporting', 'Information_Reporting', 'Opinion_Evaluation', 'Opinion_Evaluation', 'Information_Reporting']"
463427,B1,['Information_Reporting']
464215,C2,"['Physical_Description', 'Physical_Description', 'Physical_Description', 'Physical_Description']"
464727,A1,"['Self_Introduction', 'Self_Introduction', 'Self_Introduction', 'Information_Reporting', 'Information_Reporting']"
465733,C1,"['Narrative_Experience', 'Narrative_Experience', 'Physical_Description']"
466074,B1,['Self_Introduction']
467538,A1,['Other']
470987,A1,['Physical_Description']
471252,A1,"['Self_Introduction', 'Self_Introduction', 'Self_Introduction', 'Social_Opening', 'Narrative_Experience']"
471763,C2,"['Physical_Description', 'Physical_Description']"
473096,C1,"['Other', 'Social_Closing', 'Social_Closing', 'Social_Closing', 'Daily_Routine', 'Daily_Routine', 'Daily_Routine', 'Information_Reporting', 'Daily_Routine', 'Daily_Routine', 'Daily_Routine', 'Social_Closing']"
474110,B2,"['Social_Closing', 'Information_Reporting', 'Other', 'Other', 'Physical_Description', 'Information_Reporting']"
475922,C1,['Information_Reporting']
481924,C1,"['Social_Opening', 'Opinion_Evaluation', 'Other', 'Other', 'Other', 'Other', 'Social_Closing']"
483152,C2,"['Opinion_Evaluation', 'Information_Reporting', 'Information_Reporting', 'Social_Closing', 'Social_Closing', 'Social_Closing']"
484075,B1,"['Social_Opening', 'Information_Reporting', 'Information_Reporting', 'Social_Closing', 'Social_Closing']"
485922,B1,"['Information_Reporting', 'Opinion_Evaluation', 'Information_Reporting']"
486163,B1,"['Self_Introduction', 'Self_Introduction', 'Self_Introduction', 'Self_Introduction', 'Self_Introduction', 'Self_Introduction', 'Self_Introduction', 'Self_Introduction', 'Self_Introduction', 'Self_Introduction', 'Opinion_Evaluation', 'Opinion_Evaluation', 'Opinion_Evaluation']"
486235,C1,['Other']
486871,A1,"['Other', 'Other', 'Social_Closing']"
489826,C1,"['Information_Reporting', 'Other', 'Opinion_Evaluation', 'Social_Closing']"
490928,B2,"['Social_Opening', 'Opinion_Evaluation', 'Opinion_Evaluation', 'Opinion_Evaluation', 'Opinion_Evaluation', 'Opinion_Evaluation', 'Opinion_Evaluation', 'Opinion_Evaluation', 'Other', 'Other', 'Social_Closing']"
493218,B2,"['Daily_Routine', 'Daily_Routine', 'Daily_Routine', 'Opinion_Evaluation', 'Other']"
499939,A1,"['Information_Reporting', 'Other']"
507288,A1,['Social_Closing']
509058,C2,"['Other', 'Other', 'Other', 'Other']"
509506,B2,"['Other', 'Other', 'Other', 'Information_Reporting', 'Physical_Description', 'Other']"
513050,B2,"['Daily_Routine', 'Daily_Routine', 'Daily_Routine', 'Daily_Routine', 'Daily_Routine', 'Daily_Routine']"
522524,A2,"['Social_Opening', 'Self_Introduction', 'Information_Reporting', 'Information_Reporting', 'Information_Reporting', 'Other', 'Social_Closing']"
523766,B2,"['Information_Reporting', 'Information_Reporting', 'Information_Reporting']"
524309,A1,"['Self_Introduction', 'Self_Introduction', 'Self_Introduction', 'Self_Introduction']"
525770,A2,"['Self_Introduction', 'Daily_Routine', 'Daily_Routine', 'Daily_Routine']"
526128,A1,"['Other', 'Other']"
527609,A1,"['Social_Opening', 'Self_Introduction', 'Self_Introduction', 'Self_Introduction', 'Self_Introduction', 'Opinion_Evaluation', 'Social_Closing', 'Other']"
528748,A1,"['Self_Introduction', 'Other', 'Self_Introduction', 'Information_Reporting', 'Self_Introduction', 'Self_Introduction']"
532209,A1,"['Social_Opening', 'Other', 'Self_Introduction', 'Self_Introduction', 'Social_Closing', 'Social_Closing']"
533756,A1,"['Self_Introduction', 'Self_Introduction', 'Self_Introduction', 'Information_Reporting', 'Other', 'Social_Closing']"
536955,A1,"['Physical_Description', 'Physical_Description', 'Physical_Description', 'Physical_Description']"
537009,A1,['Self_Introduction']
537884,B1,"['Opinion_Evaluation', 'Opinion_Evaluation', 'Other', 'Social_Closing', 'Social_Closing']"
538597,B2,"['Other', 'Physical_Description', 'Narrative_Experience', 'Physical_Description']"
540103,B2,"['Other', 'Other', 'Information_Reporting', 'Other', 'Other', 'Physical_Description', 'Physical_Description']"
543486,B1,"['Social_Opening', 'Opinion_Evaluation', 'Opinion_Evaluation', 'Opinion_Evaluation', 'Opinion_Evaluation', 'Opinion_Evaluation', 'Other', 'Social_Closing']"
543835,C2,"['Self_Introduction', 'Narrative_Experience', 'Other', 'Physical_Description', 'Narrative_Experience', 'Narrative_Experience', 'Information_Reporting', 'Information_Reporting', 'Narrative_Experience', 'Other']"
544440,C2,"['Other', 'Opinion_Evaluation', 'Narrative_Experience', 'Opinion_Evaluation', 'Social_Closing', 'Narrative_Experience']"
549643,A2,"['Information_Reporting', 'Information_Reporting', 'Information_Reporting', 'Information_Reporting', 'Information_Reporting', 'Information_Reporting', 'Other', 'Information_Reporting']"
550755,A1,"['Social_Opening', 'Self_Introduction', 'Self_Introduction', 'Self_Introduction', 'Social_Opening', 'Other']"
551280,B2,"['Other', 'Other', 'Narrative_Experience', 'Other', 'Other', 'Other', 'Other', 'Physical_Description', 'Opinion_Evaluation']"
555617,A1,"['Self_Introduction', 'Self_Introduction']"
557762,A2,"['Information_Reporting', 'Self_Introduction', 'Other', 'Information_Reporting', 'Social_Closing']"
559783,A1,"['Self_Introduction', 'Other']"
560674,A2,"['Self_Introduction', 'Self_Introduction', 'Daily_Routine', 'Daily_Routine', 'Daily_Routine', 'Daily_Routine', 'Daily_Routine']"
561021,C1,"['Other', 'Information_Reporting', 'Other', 'Other', 'Narrative_Experience', 'Narrative_Experience', 'Other', 'Narrative_Experience']"
562289,C2,"['Information_Reporting', 'Information_Reporting', 'Social_Opening', 'Information_Reporting', 'Information_Reporting', 'Information_Reporting', 'Information_Reporting', 'Information_Reporting', 'Social_Closing', 'Social_Closing']"
563082,B2,"['Information_Reporting', 'Opinion_Evaluation', 'Opinion_Evaluation', 'Opinion_Evaluation', 'Social_Closing', 'Social_Closing', 'Social_Closing', 'Information_Reporting', 'Social_Closing']"
567420,B1,"['Information_Reporting', 'Other', 'Physical_Description', 'Physical_Description', 'Information_Reporting', 'Information_Reporting', 'Information_Reporting', 'Information_Reporting', 'Information_Reporting']"
567819,A2,"['Daily_Routine', 'Other']"
568021,A2,"['Social_Opening', 'Daily_Routine', 'Daily_Routine', 'Daily_Routine', 'Daily_Routine', 'Daily_Routine']"
568121,A1,"['Other', 'Other', 'Social_Closing']"
570893,A2,"['Information_Reporting', 'Social_Closing', 'Information_Reporting', 'Other', 'Opinion_Evaluation', 'Social_Closing', 'Social_Closing']"
573251,C1,"['Social_Closing', 'Daily_Routine', 'Daily_Routine', 'Information_Reporting', 'Daily_Routine', 'Daily_Routine', 'Daily_Routine', 'Daily_Routine', 'Social_Closing']"
574449,B2,"['Other', 'Narrative_Experience', 'Narrative_Experience', 'Narrative_Experience', 'Information_Reporting', 'Narrative_Experience']"
578108,B2,"['Daily_Routine', 'Daily_Routine', 'Daily_Routine']"
578633,B2,"['Self_Introduction', 'Social_Closing', 'Narrative_Experience', 'Narrative_Experience', 'Other', 'Narrative_Experience', 'Other']"
579544,A2,"['Self_Introduction', 'Information_Reporting', 'Daily_Routine', 'Other', 'Physical_Description', 'Information_Reporting']"
581145,B1,"['Opinion_Evaluation', 'Opinion_Evaluation', 'Opinion_Evaluation', 'Opinion_Evaluation', 'Opinion_Evaluation', 'Information_Reporting']"
581215,B1,"['Opinion_Evaluation', 'Opinion_Evaluation', 'Other', 'Social_Opening']"
581378,A2,"['Other', 'Information_Reporting', 'Self_Introduction', 'Other', 'Other', 'Other', 'Other', 'Information_Reporting', 'Other', 'Opinion_Evaluation', 'Other', 'Physical_Description', 'Other']"
581882,C1,"['Information_Reporting', 'Social_Closing', 'Other', 'Information_Reporting', 'Opinion_Evaluation', 'Other', 'Other', 'Social_Closing', 'Social_Closing']"
582961,B1,"['Other', 'Other', 'Other', 'Other', 'Other', 'Other', 'Opinion_Evaluation', 'Other']"
584827,C2,"['Information_Reporting', 'Other', 'Other', 'Other', 'Other']"
588139,A2,"['Daily_Routine', 'Social_Closing']"
589707,B1,"['Self_Introduction', 'Self_Introduction', 'Narrative_Experience', 'Information_Reporting', 'Information_Reporting', 'Social_Closing']"
592442,B1,"['Information_Reporting', 'Information_Reporting', 'Information_Reporting']"
593029,A2,['Other']
593131,C2,"['Social_Opening', 'Other', 'Social_Closing', 'Other', 'Social_Closing', 'Daily_Routine', 'Daily_Routine', 'Information_Reporting', 'Social_Closing']"
597107,A1,"['Other', 'Other', 'Other', 'Other']"
600620,A1,"['Physical_Description', 'Physical_Description', 'Physical_Description', 'Physical_Description', 'Physical_Description', 'Physical_Description']"
600625,A2,"['Other', 'Other', 'Physical_Description', 'Social_Closing']"
600897,B2,"['Social_Closing', 'Self_Introduction', 'Daily_Routine', 'Daily_Routine', 'Daily_Routine', 'Daily_Routine', 'Daily_Routine', 'Daily_Routine', 'Daily_Routine']"
601449,C2,"['Opinion_Evaluation', 'Opinion_Evaluation', 'Opinion_Evaluation']"
602581,C1,['Narrative_Experience']
603194,C2,"['Information_Reporting', 'Information_Reporting', 'Social_Closing']"
603197,C2,"['Information_Reporting', 'Information_Reporting', 'Opinion_Evaluation', 'Social_Closing', 'Other', 'Social_Closing']"
607534,B1,"['Self_Introduction', 'Self_Introduction']"
608850,C1,"['Other', 'Other', 'Information_Reporting', 'Other', 'Information_Reporting', 'Social_Closing', 'Social_Closing']"
610030,C2,"['Information_Reporting', 'Information_Reporting']"
611065,A2,"['Opinion_Evaluation', 'Information_Reporting', 'Information_Reporting', 'Opinion_Evaluation', 'Information_Reporting']"
613381,C1,['Social_Closing']
613957,C2,"['Information_Reporting', 'Information_Reporting', 'Social_Closing', 'Social_Closing']"
615434,A2,['Self_Introduction']
616684,A1,"['Social_Opening', 'Other', 'Information_Reporting', 'Other', 'Information_Reporting', 'Daily_Routine', 'Information_Reporting', 'Information_Reporting', 'Social_Closing']"
616795,B1,"['Information_Reporting', 'Opinion_Evaluation', 'Information_Reporting', 'Information_Reporting', 'Information_Reporting', 'Information_Reporting']"
620150,A2,"['Social_Opening', 'Self_Introduction', 'Self_Introduction', 'Information_Reporting', 'Self_Introduction', 'Self_Introduction', 'Information_Reporting', 'Self_Introduction', 'Self_Introduction', 'Opinion_Evaluation']"
621409,C2,"['Information_Reporting', 'Other', 'Information_Reporting', 'Other', 'Other', 'Social_Closing']"
622289,C2,"['Information_Reporting', 'Information_Reporting', 'Information_Reporting', 'Information_Reporting', 'Other', 'Information_Reporting', 'Other']"
622558,A2,"['Daily_Routine', 'Daily_Routine', 'Daily_Routine']"
623976,A2,"['Information_Reporting', 'Information_Reporting', 'Information_Reporting', 'Other', 'Social_Closing']"
625305,A2,"['Social_Closing', 'Opinion_Evaluation', 'Opinion_Evaluation', 'Other', 'Daily_Routine', 'Opinion_Evaluation']"
628895,C2,"['Other', 'Other', 'Other', 'Information_Reporting', 'Other']"
629569,C2,"['Information_Reporting', 'Information_Reporting', 'Information_Reporting', 'Self_Introduction', 'Self_Introduction', 'Information_Reporting']"
633878,A1,"['Social_Opening', 'Self_Introduction', 'Social_Closing', 'Self_Introduction']"
635463,B2,"['Information_Reporting', 'Information_Reporting', 'Information_Reporting', 'Daily_Routine', 'Information_Reporting']"
648270,B1,"['Information_Reporting', 'Other', 'Information_Reporting', 'Information_Reporting', 'Other', 'Social_Closing']"
652079,B2,"['Daily_Routine', 'Daily_Routine', 'Opinion_Evaluation', 'Other', 'Other']"
656073,B2,"['Social_Opening', 'Social_Closing', 'Other', 'Other', 'Physical_Description', 'Physical_Description', 'Physical_Description', 'Other', 'Physical_Description', 'Physical_Description', 'Opinion_Evaluation', 'Other', 'Physical_Description', 'Physical_Description', 'Physical_Description', 'Social_Closing', 'Physical_Description', 'Physical_Description', 'Social_Closing']"
658916,A2,"['Social_Opening', 'Self_Introduction', 'Daily_Routine', 'Daily_Routine', 'Other']"
659387,A1,"['Other', 'Other', 'Social_Closing']"
660906,A1,"['Other', 'Other', 'Social_Closing']"
662410,B1,"['Self_Introduction', 'Self_Introduction', 'Narrative_Experience', 'Information_Reporting', 'Information_Reporting', 'Social_Closing']"
663092,C2,"['Information_Reporting', 'Other', 'Other', 'Other', 'Other', 'Social_Closing']"
664377,B2,"['Information_Reporting', 'Information_Reporting', 'Other', 'Physical_Description', 'Information_Reporting', 'Information_Reporting']"
664419,C2,"['Information_Reporting', 'Other', 'Information_Reporting', 'Opinion_Evaluation', 'Information_Reporting', 'Other', 'Other', 'Social_Closing']"
671146,C2,"['Opinion_Evaluation', 'Opinion_Evaluation', 'Opinion_Evaluation', 'Opinion_Evaluation', 'Opinion_Evaluation', 'Opinion_Evaluation', 'Social_Closing']"
671878,A1,['Narrative_Experience']
677838,B2,"['Narrative_Experience', 'Narrative_Experience', 'Other', 'Opinion_Evaluation', 'Information_Reporting']"
679723,B2,"['Self_Introduction', 'Information_Reporting', 'Narrative_Experience']"
679861,C1,"['Narrative_Experience', 'Narrative_Experience', 'Narrative_Experience', 'Narrative_Experience', 'Narrative_Experience', 'Narrative_Experience']"
680221,B1,['Opinion_Evaluation']
684383,A2,['Information_Reporting']
685273,C1,"['Social_Closing', 'Social_Closing', 'Self_Introduction', 'Narrative_Experience', 'Narrative_Experience']"
685583,A1,"['Other', 'Other']"
686181,B2,"['Other', 'Physical_Description', 'Other', 'Other', 'Narrative_Experience', 'Other', 'Other', 'Other']"
687488,A2,['Self_Introduction']
689533,A2,"['Opinion_Evaluation', 'Opinion_Evaluation', 'Opinion_Evaluation', 'Information_Reporting']"
693437,B2,"['Daily_Routine', 'Daily_Routine', 'Daily_Routine']"
697969,B1,"['Information_Reporting', 'Information_Reporting', 'Information_Reporting', 'Information_Reporting', 'Information_Reporting']"
698698,C1,"['Social_Opening', 'Social_Closing', 'Narrative_Experience', 'Narrative_Experience', 'Narrative_Experience', 'Narrative_Experience', 'Other', 'Social_Closing']"
698986,B1,"['Information_Reporting', 'Information_Reporting', 'Information_Reporting', 'Information_Reporting']"
700597,B2,"['Narrative_Experience', 'Narrative_Experience', 'Narrative_Experience']"
704825,B2,"['Opinion_Evaluation', 'Narrative_Experience', 'Other', 'Social_Closing', 'Social_Closing', 'Social_Opening']"
706707,B1,"['Opinion_Evaluation', 'Opinion_Evaluation', 'Opinion_Evaluation', 'Opinion_Evaluation', 'Opinion_Evaluation', 'Other']"
706716,C1,"['Self_Introduction', 'Self_Introduction', 'Self_Introduction', 'Narrative_Experience', 'Narrative_Experience', 'Information_Reporting']"
708721,B2,"['Self_Introduction', 'Information_Reporting', 'Other', 'Information_Reporting', 'Information_Reporting', 'Information_Reporting', 'Information_Reporting']"
709708,C2,"['Other', 'Other', 'Opinion_Evaluation', 'Narrative_Experience']"
710072,B1,"['Daily_Routine', 'Daily_Routine', 'Daily_Routine']"
712413,B2,"['Other', 'Other', 'Other', 'Opinion_Evaluation', 'Other', 'Opinion_Evaluation', 'Other', 'Other', 'Information_Reporting', 'Opinion_Evaluation']"
718645,A2,"['Opinion_Evaluation', 'Information_Reporting', 'Information_Reporting', 'Daily_Routine', 'Opinion_Evaluation']"
725430,B2,"['Information_Reporting', 'Information_Reporting', 'Opinion_Evaluation', 'Opinion_Evaluation', 'Information_Reporting', 'Information_Reporting', 'Social_Closing', 'Social_Closing']"
727986,A2,['Social_Closing']
728249,C1,"['Self_Introduction', 'Narrative_Experience', 'Opinion_Evaluation', 'Narrative_Experience', 'Information_Reporting', 'Information_Reporting', 'Opinion_Evaluation']"
730353,A2,"['Opinion_Evaluation', 'Opinion_Evaluation', 'Information_Reporting', 'Other', 'Other', 'Social_Closing']"
734147,A2,"['Self_Introduction', 'Self_Introduction', 'Self_Introduction', 'Information_Reporting', 'Daily_Routine', 'Daily_Routine', 'Daily_Routine', 'Daily_Routine', 'Daily_Routine', 'Daily_Routine', 'Social_Closing']"
736052,C1,"['Other', 'Other', 'Physical_Description', 'Other', 'Other', 'Opinion_Evaluation']"
736304,C2,"['Information_Reporting', 'Information_Reporting', 'Information_Reporting', 'Information_Reporting', 'Information_Reporting', 'Social_Closing', 'Social_Closing']"
738313,A2,"['Information_Reporting', 'Opinion_Evaluation', 'Information_Reporting', 'Narrative_Experience']"
741576,A2,"['Social_Opening', 'Self_Introduction', 'Self_Introduction', 'Self_Introduction', 'Opinion_Evaluation', 'Other']"
742841,B1,"['Information_Reporting', 'Information_Reporting', 'Narrative_Experience', 'Information_Reporting', 'Information_Reporting', 'Information_Reporting']"
743204,B1,"['Daily_Routine', 'Daily_Routine', 'Daily_Routine', 'Daily_Routine']"
745421,C1,"['Information_Reporting', 'Information_Reporting', 'Information_Reporting', 'Opinion_Evaluation', 'Other', 'Information_Reporting', 'Social_Closing', 'Social_Closing']"
745425,C1,"['Opinion_Evaluation', 'Daily_Routine', 'Daily_Routine', 'Social_Closing', 'Daily_Routine', 'Daily_Routine', 'Opinion_Evaluation']"
748290,B2,"['Information_Reporting', 'Information_Reporting']"
750174,C1,"['Narrative_Experience', 'Narrative_Experience', 'Other', 'Narrative_Experience', 'Narrative_Experience', 'Narrative_Experience', 'Narrative_Experience']"
751735,C2,"['Narrative_Experience', 'Other']"
763242,C2,"['Narrative_Experience', 'Narrative_Experience', 'Narrative_Experience', 'Narrative_Experience']"
764074,C1,"['Narrative_Experience', 'Narrative_Experience', 'Information_Reporting', 'Other', 'Opinion_Evaluation', 'Other', 'Narrative_Experience', 'Other']"
767401,A2,"['Daily_Routine', 'Daily_Routine', 'Daily_Routine', 'Other']"
767943,B2,"['Narrative_Experience', 'Narrative_Experience', 'Social_Opening']"
767969,C1,"['Daily_Routine', 'Daily_Routine', 'Narrative_Experience', 'Daily_Routine', 'Narrative_Experience', 'Daily_Routine']"
768338,B2,"['Other', 'Narrative_Experience', 'Other', 'Narrative_Experience', 'Other', 'Social_Closing', 'Social_Closing']"
776718,A1,['Other']
777194,B1,['Daily_Routine']
777919,B1,"['Opinion_Evaluation', 'Opinion_Evaluation', 'Social_Closing']"
778978,A1,"['Social_Opening', 'Opinion_Evaluation', 'Social_Closing', 'Social_Closing']"
779883,B2,"['Information_Reporting', 'Other', 'Opinion_Evaluation']"
781303,C2,"['Information_Reporting', 'Information_Reporting', 'Information_Reporting', 'Information_Reporting', 'Other', 'Other', 'Other', 'Information_Reporting', 'Information_Reporting']"
783617,C1,"['Self_Introduction', 'Self_Introduction', 'Opinion_Evaluation', 'Narrative_Experience', 'Information_Reporting']"
784490,C1,"['Narrative_Experience', 'Information_Reporting', 'Other', 'Information_Reporting', 'Other']"
785450,A2,"['Self_Introduction', 'Other', 'Opinion_Evaluation', 'Daily_Routine', 'Opinion_Evaluation', 'Information_Reporting', 'Social_Closing']"
786676,A1,"['Opinion_Evaluation', 'Opinion_Evaluation']"
787634,A2,"['Self_Introduction', 'Other', 'Daily_Routine', 'Information_Reporting', 'Daily_Routine']"
789187,C2,"['Information_Reporting', 'Information_Reporting', 'Information_Reporting', 'Information_Reporting', 'Information_Reporting', 'Information_Reporting', 'Information_Reporting', 'Other']"
795061,B1,"['Opinion_Evaluation', 'Opinion_Evaluation', 'Opinion_Evaluation', 'Other']"
796512,A1,"['Information_Reporting', 'Physical_Description', 'Opinion_Evaluation', 'Other', 'Other', 'Other']"
799572,C1,"['Self_Introduction', 'Self_Introduction', 'Narrative_Experience', 'Opinion_Evaluation', 'Narrative_Experience', 'Narrative_Experience', 'Information_Reporting', 'Narrative_Experience', 'Other']"
802453,C2,"['Information_Reporting', 'Information_Reporting', 'Information_Reporting', 'Information_Reporting', 'Social_Closing', 'Social_Closing']"
811671,A1,"['Opinion_Evaluation', 'Opinion_Evaluation', 'Opinion_Evaluation', 'Social_Closing']"
812739,A2,"['Self_Introduction', 'Self_Introduction', 'Daily_Routine', 'Daily_Routine', 'Other', 'Daily_Routine']"
814328,B1,"['Opinion_Evaluation', 'Opinion_Evaluation', 'Opinion_Evaluation', 'Opinion_Evaluation', 'Opinion_Evaluation', 'Opinion_Evaluation', 'Social_Closing']"
816225,B2,"['Other', 'Narrative_Experience', 'Self_Introduction', 'Narrative_Experience', 'Narrative_Experience', 'Other']"
818066,B2,"['Other', 'Narrative_Experience', 'Other', 'Narrative_Experience', 'Narrative_Experience', 'Other', 'Self_Introduction']"
820632,C2,"['Opinion_Evaluation', 'Social_Opening', 'Opinion_Evaluation', 'Opinion_Evaluation', 'Opinion_Evaluation']"
821241,B2,"['Other', 'Narrative_Experience', 'Opinion_Evaluation', 'Other']"
821279,C2,"['Opinion_Evaluation', 'Social_Closing', 'Opinion_Evaluation', 'Opinion_Evaluation', 'Opinion_Evaluation']"
824857,A2,"['Opinion_Evaluation', 'Other', 'Other']"
825178,C2,"['Information_Reporting', 'Other', 'Other']"
827912,C2,"['Opinion_Evaluation', 'Opinion_Evaluation', 'Other', 'Information_Reporting', 'Information_Reporting', 'Other']"
828189,A2,"['Other', 'Information_Reporting', 'Other', 'Opinion_Evaluation']"
829089,C1,"['Opinion_Evaluation', 'Opinion_Evaluation', 'Opinion_Evaluation', 'Opinion_Evaluation', 'Opinion_Evaluation', 'Opinion_Evaluation', 'Other', 'Narrative_Experience', 'Opinion_Evaluation']"
832274,A1,['Self_Introduction']
832619,C1,"['Information_Reporting', 'Social_Closing']"
833899,B2,"['Information_Reporting', 'Information_Reporting']"
836092,A2,"['Opinion_Evaluation', 'Opinion_Evaluation', 'Opinion_Evaluation', 'Other']"
836166,B2,"['Other', 'Other', 'Social_Closing', 'Opinion_Evaluation', 'Opinion_Evaluation', 'Social_Closing', 'Social_Closing', 'Social_Closing', 'Social_Closing']"
838427,B1,"['Information_Reporting', 'Information_Reporting', 'Social_Closing', 'Information_Reporting', 'Opinion_Evaluation', 'Information_Reporting', 'Opinion_Evaluation']"
838576,B2,"['Social_Closing', 'Opinion_Evaluation', 'Opinion_Evaluation', 'Social_Closing', 'Social_Closing']"
841625,C1,"['Opinion_Evaluation', 'Opinion_Evaluation', 'Opinion_Evaluation', 'Other', 'Opinion_Evaluation', 'Opinion_Evaluation', 'Opinion_Evaluation', 'Opinion_Evaluation']"
843093,A1,"['Social_Opening', 'Other', 'Other', 'Social_Closing', 'Social_Closing', 'Social_Opening']"
843779,A2,"['Opinion_Evaluation', 'Opinion_Evaluation', 'Information_Reporting', 'Information_Reporting', 'Opinion_Evaluation']"
847940,B1,"['Narrative_Experience', 'Narrative_Experience', 'Narrative_Experience', 'Narrative_Experience', 'Other', 'Opinion_Evaluation']"
848364,C1,"['Information_Reporting', 'Social_Closing']"
848513,C2,['Information_Reporting']
848804,A1,"['Social_Opening', 'Self_Introduction', 'Self_Introduction']"
849324,A1,"['Self_Introduction', 'Self_Introduction', 'Self_Introduction', 'Information_Reporting', 'Other', 'Social_Closing']"
851525,C2,"['Information_Reporting', 'Other', 'Physical_Description', 'Other', 'Information_Reporting', 'Other']"
853586,A1,"['Information_Reporting', 'Information_Reporting', 'Narrative_Experience', 'Information_Reporting']"
855248,C2,"['Narrative_Experience', 'Narrative_Experience', 'Narrative_Experience', 'Narrative_Experience']"
862696,C2,"['Narrative_Experience', 'Narrative_Experience', 'Narrative_Experience']"
865813,B1,"['Narrative_Experience', 'Narrative_Experience', 'Opinion_Evaluation', 'Opinion_Evaluation']"
866117,B1,"['Narrative_Experience', 'Other', 'Information_Reporting', 'Information_Reporting', 'Other', 'Opinion_Evaluation', 'Opinion_Evaluation']"
867870,A2,"['Opinion_Evaluation', 'Opinion_Evaluation', 'Other', 'Opinion_Evaluation']"
868342,A1,"['Physical_Description', 'Information_Reporting']"
872413,A1,"['Opinion_Evaluation', 'Social_Closing', 'Opinion_Evaluation', 'Opinion_Evaluation', 'Opinion_Evaluation']"
872730,A1,['Other']
873284,A2,"['Self_Introduction', 'Self_Introduction', 'Daily_Routine', 'Other', 'Daily_Routine', 'Daily_Routine', 'Daily_Routine']"
873802,C2,"['Other', 'Narrative_Experience', 'Other', 'Other', 'Narrative_Experience', 'Social_Closing', 'Narrative_Experience', 'Social_Closing', 'Narrative_Experience']"
876130,C1,"['Social_Closing', 'Information_Reporting', 'Information_Reporting', 'Social_Closing']"
877302,B2,"['Daily_Routine', 'Daily_Routine', 'Daily_Routine', 'Daily_Routine', 'Daily_Routine', 'Daily_Routine', 'Physical_Description', 'Daily_Routine', 'Daily_Routine']"
877529,C2,['Narrative_Experience']
878122,B1,"['Self_Introduction', 'Self_Introduction', 'Information_Reporting', 'Information_Reporting', 'Opinion_Evaluation', 'Daily_Routine', 'Other']"
881207,C1,"['Narrative_Experience', 'Narrative_Experience', 'Narrative_Experience', 'Narrative_Experience', 'Narrative_Experience', 'Other', 'Information_Reporting', 'Narrative_Experience']"
882036,B2,"['Other', 'Social_Closing', 'Other', 'Other', 'Daily_Routine', 'Social_Closing', 'Social_Closing']"
882105,C1,"['Narrative_Experience', 'Narrative_Experience', 'Other', 'Narrative_Experience', 'Narrative_Experience', 'Narrative_Experience', 'Narrative_Experience']"
883440,B1,"['Opinion_Evaluation', 'Opinion_Evaluation', 'Other', 'Information_Reporting', 'Narrative_Experience', 'Opinion_Evaluation']"
886521,C1,"['Narrative_Experience', 'Narrative_Experience', 'Information_Reporting', 'Narrative_Experience', 'Narrative_Experience', 'Other', 'Narrative_Experience', 'Narrative_Experience', 'Opinion_Evaluation', 'Other']"
888535,A2,"['Self_Introduction', 'Information_Reporting', 'Other', 'Daily_Routine', 'Social_Closing', 'Daily_Routine', 'Self_Introduction', 'Self_Introduction', 'Daily_Routine']"
891542,C2,"['Narrative_Experience', 'Narrative_Experience', 'Narrative_Experience', 'Narrative_Experience', 'Narrative_Experience', 'Other']"
892136,A2,"['Opinion_Evaluation', 'Information_Reporting', 'Daily_Routine', 'Daily_Routine', 'Social_Closing']"
892932,C2,"['Narrative_Experience', 'Narrative_Experience']"
893836,B2,"['Narrative_Experience', 'Information_Reporting', 'Narrative_Experience', 'Narrative_Experience', 'Narrative_Experience']"
894533,B2,"['Other', 'Narrative_Experience', 'Narrative_Experience', 'Narrative_Experience', 'Narrative_Experience']"
894615,A2,"['Social_Closing', 'Other', 'Information_Reporting', 'Social_Closing']"
896761,A1,"['Narrative_Experience', 'Information_Reporting']"
898973,B1,"['Narrative_Experience', 'Other', 'Narrative_Experience', 'Social_Closing', 'Opinion_Evaluation', 'Other']"
899546,B1,"['Social_Closing', 'Information_Reporting', 'Opinion_Evaluation', 'Information_Reporting', 'Opinion_Evaluation']"
899915,B2,"['Narrative_Experience', 'Narrative_Experience', 'Narrative_Experience', 'Other']"
901487,B2,"['Narrative_Experience', 'Narrative_Experience', 'Narrative_Experience', 'Narrative_Experience']"
912004,A2,"['Opinion_Evaluation', 'Opinion_Evaluation']"
912276,B1,"['Opinion_Evaluation', 'Other', 'Other', 'Opinion_Evaluation', 'Opinion_Evaluation']"
912322,C1,"['Narrative_Experience', 'Narrative_Experience', 'Information_Reporting', 'Narrative_Experience', 'Information_Reporting']"
913169,C1,"['Other', 'Other', 'Other', 'Opinion_Evaluation', 'Narrative_Experience', 'Other', 'Narrative_Experience', 'Social_Closing']"
913898,B2,"['Other', 'Narrative_Experience', 'Narrative_Experience', 'Narrative_Experience', 'Narrative_Experience', 'Narrative_Experience', 'Other']"
917787,B2,"['Other', 'Narrative_Experience', 'Narrative_Experience', 'Narrative_Experience', 'Narrative_Experience', 'Narrative_Experience', 'Other', 'Narrative_Experience', 'Narrative_Experience']"
920337,A1,"['Other', 'Self_Introduction', 'Self_Introduction', 'Physical_Description', 'Social_Closing', 'Other']"
921460,C1,"['Narrative_Experience', 'Social_Closing', 'Other', 'Information_Reporting', 'Social_Closing', 'Other', 'Other', 'Other']"
922239,C2,"['Narrative_Experience', 'Narrative_Experience', 'Narrative_Experience', 'Narrative_Experience']"
922398,B1,"['Opinion_Evaluation', 'Opinion_Evaluation', 'Opinion_Evaluation', 'Opinion_Evaluation', 'Opinion_Evaluation', 'Other', 'Physical_Description']"
925415,C2,"['Information_Reporting', 'Other', 'Other', 'Information_Reporting', 'Social_Closing', 'Opinion_Evaluation', 'Social_Closing', 'Social_Closing']"
925778,B2,"['Self_Introduction', 'Physical_Description']"
927983,C1,"['Narrative_Experience', 'Narrative_Experience']"
930647,A1,"['Information_Reporting', 'Other', 'Information_Reporting', 'Information_Reporting', 'Information_Reporting', 'Information_Reporting']"
930766,B2,"['Other', 'Social_Closing', 'Opinion_Evaluation', 'Social_Closing', 'Social_Closing']"
931386,C2,"['Other', 'Other', 'Opinion_Evaluation', 'Information_Reporting', 'Information_Reporting', 'Information_Reporting']"
932541,A1,['Information_Reporting']
936309,A2,"['Social_Opening', 'Social_Closing', 'Other', 'Daily_Routine', 'Social_Closing', 'Daily_Routine']"
936720,C1,"['Social_Closing', 'Opinion_Evaluation', 'Daily_Routine', 'Other', 'Other', 'Other', 'Opinion_Evaluation', 'Daily_Routine', 'Other', 'Other', 'Other', 'Other', 'Other', 'Opinion_Evaluation', 'Daily_Routine']"
936721,C1,"['Physical_Description', 'Physical_Description', 'Physical_Description', 'Physical_Description', 'Physical_Description', 'Information_Reporting', 'Physical_Description', 'Physical_Description', 'Physical_Description', 'Social_Closing', 'Information_Reporting']"
937057,B1,['Self_Introduction']
937302,A2,"['Information_Reporting', 'Information_Reporting', 'Physical_Description', 'Daily_Routine', 'Information_Reporting']"
942803,A2,"['Self_Introduction', 'Other', 'Opinion_Evaluation', 'Daily_Routine', 'Opinion_Evaluation', 'Daily_Routine']"
943805,B1,"['Information_Reporting', 'Information_Reporting', 'Information_Reporting', 'Opinion_Evaluation', 'Opinion_Evaluation', 'Opinion_Evaluation', 'Other', 'Physical_Description']"
944601,B1,"['Opinion_Evaluation', 'Opinion_Evaluation', 'Opinion_Evaluation', 'Opinion_Evaluation', 'Opinion_Evaluation']"
946690,C2,['Opinion_Evaluation']
949171,A1,"['Social_Opening', 'Other', 'Other', 'Social_Closing', 'Other']"
951459,A1,"['Social_Opening', 'Other', 'Social_Closing', 'Social_Opening']"
952980,A1,"['Social_Opening', 'Other', 'Other', 'Social_Closing', 'Social_Opening']"
953749,C2,"['Narrative_Experience', 'Opinion_Evaluation', 'Narrative_Experience', 'Narrative_Experience', 'Narrative_Experience', 'Narrative_Experience']"
958697,C1,"['Narrative_Experience', 'Narrative_Experience', 'Narrative_Experience', 'Narrative_Experience', 'Narrative_Experience', 'Narrative_Experience', 'Narrative_Experience', 'Narrative_Experience', 'Narrative_Experience', 'Opinion_Evaluation', 'Other', 'Narrative_Experience', 'Narrative_Experience', 'Opinion_Evaluation', 'Social_Closing']"
959730,A2,"['Information_Reporting', 'Information_Reporting', 'Opinion_Evaluation', 'Opinion_Evaluation']"
960351,C1,"['Self_Introduction', 'Self_Introduction', 'Narrative_Experience', 'Other', 'Narrative_Experience']"
961064,B2,"['Information_Reporting', 'Social_Closing']"
961982,A1,"['Social_Opening', 'Other', 'Other', 'Social_Closing', 'Social_Opening']"
965106,A2,"['Information_Reporting', 'Information_Reporting', 'Information_Reporting', 'Information_Reporting', 'Narrative_Experience']"
965238,C2,"['Opinion_Evaluation', 'Other', 'Opinion_Evaluation', 'Information_Reporting', 'Social_Closing', 'Information_Reporting', 'Social_Closing']"
965311,C2,['Narrative_Experience']
968592,C2,"['Information_Reporting', 'Other', 'Other', 'Other', 'Social_Closing', 'Opinion_Evaluation', 'Social_Closing', 'Social_Closing']"
969100,A2,"['Information_Reporting', 'Information_Reporting']"
969194,A1,"['Information_Reporting', 'Opinion_Evaluation', 'Opinion_Evaluation', 'Opinion_Evaluation', 'Opinion_Evaluation', 'Opinion_Evaluation', 'Opinion_Evaluation', 'Opinion_Evaluation', 'Opinion_Evaluation', 'Opinion_Evaluation', 'Social_Closing']"
969958,C2,['Information_Reporting']
970288,C1,"['Social_Closing', 'Daily_Routine']"
970349,B1,"['Daily_Routine', 'Daily_Routine', 'Daily_Routine', 'Daily_Routine', 'Daily_Routine']"
971213,A2,"['Information_Reporting', 'Narrative_Experience', 'Information_Reporting', 'Information_Reporting']"
971442,B2,"['Other', 'Self_Introduction', 'Narrative_Experience', 'Narrative_Experience', 'Narrative_Experience', 'Information_Reporting', 'Narrative_Experience', 'Narrative_Experience', 'Self_Introduction', 'Other']"
972617,C2,"['Information_Reporting', 'Other', 'Other', 'Other', 'Information_Reporting', 'Social_Closing', 'Social_Closing', 'Social_Closing']"
974657,A1,"['Social_Opening', 'Other', 'Social_Closing', 'Social_Opening']"
974693,B1,"['Information_Reporting', 'Information_Reporting', 'Information_Reporting']"
975127,C1,"['Self_Introduction', 'Self_Introduction', 'Narrative_Experience', 'Opinion_Evaluation', 'Other', 'Narrative_Experience', 'Narrative_Experience']"
976133,A2,"['Daily_Routine', 'Other', 'Daily_Routine', 'Daily_Routine']"
978252,A1,"['Other', 'Physical_Description', 'Other', 'Opinion_Evaluation', 'Physical_Description', 'Other']"
978514,C1,"['Physical_Description', 'Physical_Description', 'Physical_Description', 'Physical_Description', 'Physical_Description', 'Physical_Description', 'Physical_Description']"
980836,C2,"['Information_Reporting', 'Information_Reporting', 'Information_Reporting', 'Information_Reporting', 'Other', 'Information_Reporting', 'Information_Reporting', 'Information_Reporting']"
983016,C1,"['Physical_Description', 'Physical_Description', 'Opinion_Evaluation', 'Physical_Description', 'Physical_Description', 'Physical_Description', 'Physical_Description']"
983881,A1,"['Social_Opening', 'Other', 'Other', 'Social_Closing', 'Social_Opening']"
988368,C2,"['Social_Opening', 'Other', 'Other', 'Information_Reporting', 'Other', 'Other', 'Other', 'Social_Closing']"
988487,B1,"['Opinion_Evaluation', 'Opinion_Evaluation', 'Opinion_Evaluation', 'Opinion_Evaluation', 'Opinion_Evaluation', 'Other']"
991690,A2,"['Self_Introduction', 'Self_Introduction', 'Social_Closing', 'Daily_Routine', 'Daily_Routine', 'Information_Reporting', 'Information_Reporting', 'Daily_Routine']"
992523,A2,"['Information_Reporting', 'Information_Reporting', 'Other', 'Other', 'Narrative_Experience', 'Information_Reporting', 'Other']"
993318,B2,"['Information_Reporting', 'Other', 'Narrative_Experience']"
994467,C1,"['Opinion_Evaluation', 'Opinion_Evaluation', 'Opinion_Evaluation', 'Opinion_Evaluation', 'Opinion_Evaluation', 'Opinion_Evaluation', 'Opinion_Evaluation', 'Opinion_Evaluation', 'Opinion_Evaluation']"
996170,B1,"['Information_Reporting', 'Information_Reporting', 'Physical_Description', 'Information_Reporting']"
996499,A1,"['Opinion_Evaluation', 'Information_Reporting']"
1000963,B2,"['Other', 'Other', 'Physical_Description', 'Other']"
1001284,C2,"['Narrative_Experience', 'Narrative_Experience', 'Narrative_Experience']"
1005151,B2,"['Social_Closing', 'Information_Reporting', 'Other', 'Physical_Description', 'Social_Closing', 'Other']"
1006935,A1,"['Physical_Description', 'Opinion_Evaluation']"
1010080,B2,"['Social_Closing', 'Social_Closing', 'Other', 'Social_Closing', 'Other', 'Physical_Description', 'Physical_Description', 'Information_Reporting']"
1014052,C1,"['Self_Introduction', 'Narrative_Experience', 'Narrative_Experience', 'Narrative_Experience']"
1016291,B1,"['Narrative_Experience', 'Narrative_Experience', 'Opinion_Evaluation']"
1021016,B1,"['Self_Introduction', 'Self_Introduction', 'Narrative_Experience', 'Self_Introduction']"
1025838,C2,"['Opinion_Evaluation', 'Opinion_Evaluation', 'Opinion_Evaluation', 'Social_Closing']"
1028950,A1,"['Social_Opening', 'Other', 'Other', 'Social_Closing', 'Social_Opening']"
1035386,A1,"['Narrative_Experience', 'Self_Introduction']"
1039936,C1,"['Self_Introduction', 'Narrative_Experience', 'Other']"
1040607,A2,"['Self_Introduction', 'Opinion_Evaluation', 'Daily_Routine', 'Other']"
1041168,A1,"['Self_Introduction', 'Narrative_Experience']"
1041587,A1,"['Self_Introduction', 'Other', 'Information_Reporting', 'Other', 'Information_Reporting']"
1045517,C2,"['Information_Reporting', 'Information_Reporting', 'Information_Reporting', 'Information_Reporting', 'Social_Closing', 'Information_Reporting', 'Information_Reporting', 'Social_Closing']"
1047100,A2,"['Opinion_Evaluation', 'Information_Reporting', 'Other', 'Other', 'Narrative_Experience', 'Other', 'Other']"
1049327,A1,['Physical_Description']
1052344,A1,"['Social_Opening', 'Other', 'Other', 'Social_Closing', 'Social_Opening']"
1057670,C1,"['Physical_Description', 'Information_Reporting', 'Physical_Description', 'Physical_Description', 'Physical_Description', 'Physical_Description', 'Physical_Description', 'Physical_Description']"
1059546,C1,"['Self_Introduction', 'Narrative_Experience', 'Narrative_Experience', 'Other']"
1070622,C1,['Opinion_Evaluation']
1070837,C2,"['Narrative_Experience', 'Narrative_Experience']"
1071414,A1,['Other']
1071769,C2,"['Other', 'Other', 'Social_Opening', 'Social_Opening', 'Other', 'Social_Closing', 'Social_Closing']"
1071816,A1,"['Other', 'Physical_Description']"
1080469,C2,"['Information_Reporting', 'Information_Reporting', 'Social_Opening', 'Narrative_Experience', 'Social_Opening', 'Other', 'Information_Reporting', 'Social_Closing', 'Social_Closing']"
1085427,C1,"['Narrative_Experience', 'Self_Introduction', 'Physical_Description', 'Physical_Description', 'Narrative_Experience', 'Other', 'Physical_Description', 'Other']"
1087317,B2,"['Narrative_Experience', 'Narrative_Experience', 'Narrative_Experience', 'Narrative_Experience']"
1091486,B2,"['Other', 'Opinion_Evaluation', 'Opinion_Evaluation', 'Social_Closing', 'Information_Reporting', 'Other']"
1093640,B1,"['Information_Reporting', 'Information_Reporting', 'Opinion_Evaluation', 'Information_Reporting', 'Narrative_Experience', 'Information_Reporting', 'Social_Closing', 'Social_Closing']"
1096805,B1,"['Information_Reporting', 'Information_Reporting', 'Opinion_Evaluation', 'Information_Reporting', 'Daily_Routine', 'Other']"
1097038,B1,"['Opinion_Evaluation', 'Opinion_Evaluation', 'Opinion_Evaluation', 'Social_Opening', 'Opinion_Evaluation', 'Opinion_Evaluation', 'Opinion_Evaluation']"
1097600,A2,['Opinion_Evaluation']
1103521,B1,"['Narrative_Experience', 'Narrative_Experience', 'Other', 'Information_Reporting', 'Narrative_Experience', 'Opinion_Evaluation', 'Opinion_Evaluation']"
1104029,A2,"['Information_Reporting', 'Information_Reporting', 'Daily_Routine', 'Daily_Routine', 'Daily_Routine']"
1104105,B1,"['Information_Reporting', 'Information_Reporting', 'Other', 'Information_Reporting', 'Other', 'Information_Reporting', 'Information_Reporting', 'Information_Reporting']"
1104629,B1,"['Self_Introduction', 'Self_Introduction', 'Opinion_Evaluation', 'Opinion_Evaluation', 'Social_Opening', 'Other']"
1105350,A1,"['Information_Reporting', 'Information_Reporting']"
1109525,B2,"['Other', 'Narrative_Experience', 'Narrative_Experience', 'Narrative_Experience', 'Narrative_Experience', 'Narrative_Experience', 'Narrative_Experience', 'Other', 'Self_Introduction', 'Social_Closing']"
1111824,A1,"['Social_Opening', 'Social_Opening', 'Other', 'Social_Closing', 'Social_Closing', 'Social_Opening']"
1115339,B2,"['Daily_Routine', 'Social_Opening', 'Other', 'Social_Opening', 'Opinion_Evaluation']"
1117224,A1,"['Opinion_Evaluation', 'Opinion_Evaluation', 'Opinion_Evaluation', 'Opinion_Evaluation']"
1122716,A2,"['Social_Opening', 'Social_Closing', 'Other', 'Other', 'Social_Closing', 'Social_Closing']"
1125650,A1,"['Opinion_Evaluation', 'Opinion_Evaluation', 'Opinion_Evaluation', 'Opinion_Evaluation']"
1127164,C2,"['Narrative_Experience', 'Narrative_Experience', 'Narrative_Experience', 'Narrative_Experience', 'Narrative_Experience']"
1127204,C2,"['Other', 'Other', 'Opinion_Evaluation', 'Other', 'Other', 'Information_Reporting']"
1129712,B2,"['Information_Reporting', 'Information_Reporting', 'Information_Reporting', 'Other', 'Opinion_Evaluation']"
1130629,C2,"['Opinion_Evaluation', 'Opinion_Evaluation', 'Opinion_Evaluation', 'Opinion_Evaluation', 'Opinion_Evaluation', 'Opinion_Evaluation', 'Opinion_Evaluation', 'Daily_Routine', 'Opinion_Evaluation', 'Opinion_Evaluation', 'Other', 'Opinion_Evaluation']"
1132898,B1,"['Self_Introduction', 'Self_Introduction', 'Self_Introduction', 'Narrative_Experience', 'Information_Reporting', 'Information_Reporting', 'Self_Introduction']"
1133664,B2,"['Social_Closing', 'Information_Reporting', 'Physical_Description', 'Social_Closing']"
1136773,A2,"['Self_Introduction', 'Other', 'Opinion_Evaluation', 'Daily_Routine', 'Daily_Routine']"
1138790,B2,"['Information_Reporting', 'Narrative_Experience', 'Narrative_Experience', 'Narrative_Experience', 'Narrative_Experience', 'Narrative_Experience', 'Narrative_Experience']"
1138950,C1,"['Opinion_Evaluation', 'Other', 'Opinion_Evaluation', 'Opinion_Evaluation', 'Opinion_Evaluation', 'Opinion_Evaluation', 'Opinion_Evaluation']"
1140203,B1,"['Information_Reporting', 'Other', 'Information_Reporting', 'Information_Reporting']"
1142998,A1,"['Opinion_Evaluation', 'Opinion_Evaluation', 'Opinion_Evaluation']"
1145759,C1,"['Opinion_Evaluation', 'Opinion_Evaluation', 'Opinion_Evaluation', 'Opinion_Evaluation', 'Opinion_Evaluation', 'Opinion_Evaluation']"
1146741,C1,"['Daily_Routine', 'Daily_Routine']"
1147330,A1,"['Social_Opening', 'Other', 'Other', 'Social_Closing', 'Social_Opening']"
1148302,B2,"['Narrative_Experience', 'Narrative_Experience', 'Narrative_Experience', 'Other', 'Narrative_Experience', 'Other', 'Other']"
1149155,B1,"['Opinion_Evaluation', 'Opinion_Evaluation', 'Other', 'Opinion_Evaluation', 'Opinion_Evaluation', 'Opinion_Evaluation']"
1150085,B2,"['Narrative_Experience', 'Narrative_Experience', 'Narrative_Experience', 'Narrative_Experience', 'Narrative_Experience', 'Other']"
1150523,B2,"['Other', 'Physical_Description', 'Other', 'Information_Reporting', 'Social_Opening']"
1153432,B1,"['Self_Introduction', 'Self_Introduction', 'Narrative_Experience', 'Self_Introduction', 'Physical_Description', 'Narrative_Experience']"
1155635,A2,"['Other', 'Information_Reporting', 'Information_Reporting', 'Other', 'Opinion_Evaluation', 'Information_Reporting', 'Other']"
1156842,B1,"['Information_Reporting', 'Other', 'Information_Reporting', 'Information_Reporting', 'Opinion_Evaluation']"
1159371,B1,"['Opinion_Evaluation', 'Opinion_Evaluation', 'Other', 'Opinion_Evaluation']"
1159897,B2,"['Other', 'Other', 'Self_Introduction']"
1160770,A2,"['Opinion_Evaluation', 'Opinion_Evaluation', 'Information_Reporting', 'Opinion_Evaluation', 'Other', 'Opinion_Evaluation', 'Opinion_Evaluation', 'Daily_Routine']"
1160778,A1,"['Other', 'Narrative_Experience', 'Information_Reporting']"
1163920,A2,"['Information_Reporting', 'Narrative_Experience']"
1167878,C1,"['Self_Introduction', 'Self_Introduction', 'Narrative_Experience', 'Self_Introduction', 'Opinion_Evaluation', 'Narrative_Experience', 'Other', 'Other', 'Opinion_Evaluation', 'Information_Reporting', 'Other', 'Daily_Routine', 'Information_Reporting', 'Social_Closing']"
1168801,C1,"['Narrative_Experience', 'Other', 'Narrative_Experience', 'Narrative_Experience', 'Information_Reporting', 'Information_Reporting', 'Narrative_Experience', 'Information_Reporting', 'Narrative_Experience', 'Opinion_Evaluation']"
1171671,A2,"['Other', 'Opinion_Evaluation', 'Opinion_Evaluation', 'Opinion_Evaluation', 'Opinion_Evaluation', 'Social_Closing']"
1185175,A1,"['Opinion_Evaluation', 'Opinion_Evaluation', 'Opinion_Evaluation', 'Opinion_Evaluation']"
1185464,C2,"['Information_Reporting', 'Opinion_Evaluation', 'Information_Reporting', 'Information_Reporting']"
1187904,A1,"['Information_Reporting', 'Information_Reporting']"
1189532,C2,"['Information_Reporting', 'Information_Reporting', 'Information_Reporting', 'Information_Reporting', 'Other']"
1192006,A1,['Narrative_Experience']
1196870,A2,"['Self_Introduction', 'Self_Introduction', 'Social_Closing', 'Daily_Routine', 'Daily_Routine', 'Information_Reporting', 'Information_Reporting', 'Daily_Routine', 'Information_Reporting', 'Daily_Routine', 'Social_Closing']"
1197034,C2,"['Information_Reporting', 'Physical_Description', 'Information_Reporting', 'Opinion_Evaluation', 'Information_Reporting', 'Social_Closing']"
1201937,C1,"['Daily_Routine', 'Daily_Routine', 'Daily_Routine', 'Daily_Routine', 'Narrative_Experience']"
1204845,B1,"['Narrative_Experience', 'Other', 'Opinion_Evaluation']"
1206110,B2,"['Narrative_Experience', 'Narrative_Experience', 'Social_Closing', 'Other']"
1206446,C1,['Narrative_Experience']
